<?xml version="1.0" encoding="UTF-8"?>
<extension method="upgrade" type="package" version="3.0.0">
  <name>EasySDI</name>
  <packager>EasySDI Community</packager>
  <packagename>easysdi</packagename>
  <creationDate>09 January 2018</creationDate>
  <copyright>Copyright (C) 2012. All rights reserved.</copyright>
  <license>GNU General Public License version 3 or later; see LICENSE.txt</license>
  <author>EasySDI Community</author>
  <authorEmail>contact@easysdi.org</authorEmail>
  <authorUrl>http://www.easysdi.org</authorUrl>
  <version>4.4.5</version>
  <description>PKG_EASYSDI_XML_DESCRIPTION</description>
  <files folder="easysdi">
    <file id="com_easysdi_core" type="component">com_easysdi_core.zip</file>
    <file id="com_easysdi_contact" type="component">com_easysdi_contact.zip</file>
    <file id="com_easysdi_service" type="component">com_easysdi_service.zip</file>
    <file id="com_easysdi_dashboard" type="component">com_easysdi_dashboard.zip</file>
    <file id="com_easysdi_catalog" type="component">com_easysdi_catalog.zip</file>
    <file id="com_easysdi_map" type="component">com_easysdi_map.zip</file>
    <file id="com_easysdi_shop" type="component">com_easysdi_shop.zip</file>
    <file id="com_easysdi_processing" type="component">com_easysdi_processing.zip</file>
    <file id="com_easysdi_monitor" type="component">com_easysdi_monitor.zip</file>
    <file id="mod_easysdi_basket" type="module">mod_easysdi_basket.zip</file>
    <file id="mod_easysdi_lastorders" type="module">mod_easysdi_lastorders.zip</file>
    <file id="mod_easysdi_pendingrequests" type="module">mod_easysdi_pendingrequests.zip</file>
    <file id="mod_easysdi_admininfo" type="module">mod_easysdi_admininfo.zip</file>
    <file id="mod_easysdi_adminbutton" type="module">mod_easysdi_adminbutton.zip</file>
    <file group="user" id="easysdicontact" type="plugin">plg_easysdi_contact.zip</file>
    <file group="content" id="easysdiservice" type="plugin">plg_easysdi_service.zip</file>
    <file group="content" id="easysdimonitor" type="plugin">plg_easysdi_monitor.zip</file>
    <file group="easysdi_admin_info" id="getusers" type="plugin">plg_getusers.zip</file>
    <file group="easysdi_admin_info" id="getorganisms" type="plugin">plg_getorganisms.zip</file>
    <file group="easysdi_admin_info" id="getresources" type="plugin">plg_getresources.zip</file>
    <file group="easysdi_admin_info" id="getdiffudownloadables" type="plugin">plg_getdiffudownloadables.zip</file>
    <file group="easysdi_admin_info" id="getdiffudownloads" type="plugin">plg_getdiffudownloads.zip</file>
    <file group="easysdi_admin_info" id="getdiffuextractables" type="plugin">plg_getdiffuextractables.zip</file>
    <file group="easysdi_admin_info" id="getdiffuextractions" type="plugin">plg_getdiffuextractions.zip</file>
    <file group="easysdi_admin_info" id="getordersaresptime" type="plugin">plg_getordersaresptime.zip</file>
    <file group="easysdi_admin_button" id="getusersbutton" type="plugin">plg_getusersbutton.zip</file>
    <file group="easysdi_admin_button" id="getordersbutton" type="plugin">plg_getordersbutton.zip</file>
    <file client="administrator" id="tpl_easysdiadminpositions" type="template">tpl_easysdiadminpositions.zip</file>
  </files>
  <languages>
    <language tag="en-GB">language/en-GB/en-GB.pkg_easysdi.sys.ini</language>
    <language tag="fr-FR">language/fr-FR/fr-FR.pkg_easysdi.sys.ini</language>
    <language tag="de-DE">language/de-DE/de-DE.pkg_easysdi.sys.ini</language>
  </languages>
</extension>
