<?xml version="1.0" encoding="UTF-8"?>
<extension group="content" method="upgrade" type="plugin" version="3.0">
  <name>EasySDI Monitor Plugin</name>
  <creationDate>09 January 2018</creationDate>
  <author>asitvd.ch</author>
  <authorEmail />
  <authorUrl>http://www.asitvd.ch</authorUrl>
  <copyright>Copyright (C) 2012. All rights reserved.</copyright>
  <license>GNU General Public License version 3 or later; see LICENSE.txt</license>
  <version>4.4.5</version>
  <description>OGC EasySDI Monitor Plugin, display service&apos;s status in an article&lt;br /&gt;</description>
  <files>
    <filename plugin="sdimonitor">sdimonitor.php</filename>
    <filename plugin="sdimonitor">sdimonitor.xml</filename>
  </files>
  <params />
</extension>
