<?xml version="1.0" encoding="UTF-8"?>
<extension client="site" method="upgrade" type="module" version="3.1.0">
  <name>mod_easysdi_basket</name>
  <author>EasySDI Community</author>
  <creationDate>09 January 2018</creationDate>
  <copyright>Copyright (C) 2012. All rights reserved.</copyright>
  <license>GNU General Public License version 3 or later; see LICENSE.txt</license>
  <author>EasySDI Community</author>
  <authorEmail>contact@easysdi.org</authorEmail>
  <authorUrl>http://www.easysdi.org</authorUrl>
  <version>4.4.5</version>
  <description>MOD_EASYSDI_BASKET</description>
  <files>
    <filename>mod_easysdi_basket.xml</filename>
    <filename module="mod_easysdi_basket">mod_easysdi_basket.php</filename>
    <filename>index.html</filename>
    <filename>helper.php</filename>
    <filename>tmpl/default.php</filename>
    <filename>tmpl/index.html</filename>
  </files>
  <languages>
    <language tag="en-GB">language/en-GB/en-GB.mod_easysdi_basket.sys.ini</language>
    <language tag="en-GB">language/en-GB/en-GB.mod_easysdi_basket.ini</language>
    <language tag="fr-FR">language/fr-FR/fr-FR.mod_easysdi_basket.sys.ini</language>
    <language tag="fr-FR">language/fr-FR/fr-FR.mod_easysdi_basket.ini</language>
    <language tag="de-DE">language/de-DE/de-DE.mod_easysdi_basket.sys.ini</language>
    <language tag="de-DE">language/de-DE/de-DE.mod_easysdi_basket.ini</language>
  </languages>
  <config />
</extension>
