<?xml version="1.0" encoding="UTF-8"?>
<extension group="easysdi_admin_info" method="upgrade" type="plugin" version="3.0">
  <name>plg_easysdi_admin_info_getdiffudownloads</name>
  <author>EasySDI Community</author>
  <creationDate>09 January 2018</creationDate>
  <copyright>Copyright (C) 2012. All rights reserved.</copyright>
  <license>GNU General Public License version 3 or later; see LICENSE.txt</license>
  <author>EasySDI Community</author>
  <authorEmail>contact@easysdi.org</authorEmail>
  <authorUrl>http://www.easysdi.org</authorUrl>
  <version>4.4.5</version>
  <description>PLG_EASYSDI_ADMIN_INFO_GETDIFFUDOWNLOADS_XML_DESCRIPTION</description>
  <scriptfile>script.php</scriptfile>
  <files>
    <filename plugin="getdiffudownloads">script.php</filename>
    <filename plugin="getdiffudownloads">getdiffudownloads.php</filename>
    <filename>index.html</filename>
  </files>
  <languages>
    <language tag="en-GB">language/en-GB/en-GB.plg_easysdi_admin_info_getdiffudownloads.sys.ini</language>
    <language tag="en-GB">language/en-GB/en-GB.plg_easysdi_admin_info_getdiffudownloads.ini</language>
    <language tag="fr-FR">language/fr-FR/fr-FR.plg_easysdi_admin_info_getdiffudownloads.sys.ini</language>
    <language tag="fr-FR">language/fr-FR/fr-FR.plg_easysdi_admin_info_getdiffudownloads.ini</language>
    <language tag="de-DE">language/de-DE/de-DE.plg_easysdi_admin_info_getdiffudownloads.sys.ini</language>
    <language tag="de-DE">language/de-DE/de-DE.plg_easysdi_admin_info_getdiffudownloads.ini</language>
  </languages>
</extension>
