<?xml version="1.0" encoding="UTF-8"?>
<extension client="administrator" method="upgrade" type="template" version="3.0">
  <name>EasySdi Admin Positions</name>
  <creationDate>09 January 2018</creationDate>
  <copyright>Copyright (C) 2012. All rights reserved.</copyright>
  <license>GNU General Public License version 3 or later; see LICENSE.txt</license>
  <author>EasySDI Community</author>
  <authorEmail>contact@easysdi.org</authorEmail>
  <authorUrl>http://www.easysdi.org</authorUrl>
  <version>4.4.5</version>
  <description>TPL_EASYSDIADMINPOSITIONS_XML_DESCRIPTION</description>
  <files>
    <filename>templateDetails.xml</filename>
    <filename>template_preview.png</filename>
    <filename>template_thumbnail.png</filename>
    <filename>index.php</filename>
    <filename>index.html</filename>
    <folder>css</folder>
  </files>
  <positions>
    <position>easysdi_adm_home_left</position>
    <position>easysdi_adm_home_right</position>
    <position>easysdi_adm_dashboard</position>
  </positions>
  <languages folder="language">
    <language tag="en-GB">en-GB/en-GB.tpl_easysdiadminpositions.ini</language>
    <language tag="en-GB">en-GB/en-GB.tpl_easysdiadminpositions.sys.ini</language>
    <language tag="fr-FR">fr-FR/fr-FR.tpl_easysdiadminpositions.ini</language>
    <language tag="fr-FR">fr-FR/fr-FR.tpl_easysdiadminpositions.sys.ini</language>
    <language tag="de-DE">de-DE/de-DE.tpl_easysdiadminpositions.ini</language>
    <language tag="de-DE">de-DE/de-DE.tpl_easysdiadminpositions.sys.ini</language>
  </languages>
</extension>
