<?xml version="1.0" encoding="UTF-8"?>
<extension method="upgrade" type="component" version="3.0.0">
  <name>com_easysdi_processing</name>
  <creationDate>09 January 2018</creationDate>
  <copyright>Copyright (C) 2012. All rights reserved.</copyright>
  <license>GNU General Public License version 3 or later; see LICENSE.txt</license>
  <author>EasySDI Community</author>
  <authorEmail>contact@easysdi.org</authorEmail>
  <authorUrl>http://www.easysdi.org</authorUrl>
  <version>4.4.5</version>
  <description />
  <scriptfile>script.php</scriptfile>
  <files folder="site">
    <filename>index.html</filename>
    <filename>easysdi_processing.php</filename>
    <filename>controller.php</filename>
    <filename>router.php</filename>
    <folder>assets</folder>
    <folder>views</folder>
    <folder>models</folder>
    <folder>controllers</folder>
    <folder>helpers</folder>
  </files>
  <languages folder="site">
    <language tag="en-GB">language/en-GB/en-GB.com_easysdi_processing.ini</language>
    <language tag="fr-FR">language/fr-FR/fr-FR.com_easysdi_processing.ini</language>
    <language tag="de-DE">language/de-DE/de-DE.com_easysdi_processing.ini</language>
  </languages>
  <administration>
    <files folder="administrator">
      <filename>access.xml</filename>
      <filename>config.xml</filename>
      <filename>controller.php</filename>
      <filename>index.html</filename>
      <filename>easysdi_processing.php</filename>
      <folder>controllers</folder>
      <folder>assets</folder>
      <folder>helpers</folder>
      <folder>models</folder>
      <folder>tables</folder>
      <folder>views</folder>
    </files>
    <languages folder="administrator">
      <language tag="en-GB">language/en-GB/en-GB.com_easysdi_processing.ini</language>
      <language tag="en-GB">language/en-GB/en-GB.com_easysdi_processing.sys.ini</language>
      <language tag="fr-FR">language/fr-FR/fr-FR.com_easysdi_processing.ini</language>
      <language tag="fr-FR">language/fr-FR/fr-FR.com_easysdi_processing.sys.ini</language>
      <language tag="de-DE">language/de-DE/de-DE.com_easysdi_processing.ini</language>
      <language tag="de-DE">language/de-DE/de-DE.com_easysdi_processing.sys.ini</language>
    </languages>
  </administration>
</extension>
