<?xml version="1.0" encoding="UTF-8"?>
<extension client="administrator" method="upgrade" type="module" version="3.0">
  <name>mod_easysdi_adminbutton</name>
  <creationDate>09 January 2018</creationDate>
  <copyright>Copyright (C) 2012. All rights reserved.</copyright>
  <license>GNU General Public License version 3 or later; see LICENSE.txt</license>
  <author>EasySDI Community</author>
  <authorEmail>contact@easysdi.org</authorEmail>
  <authorUrl>http://www.easysdi.org</authorUrl>
  <version>4.4.5</version>
  <description>MOD_EASYSDI_ADMINBUTTON_XML_DESCRIPTION</description>
  <scriptfile>script.php</scriptfile>
  <files>
    <filename module="mod_easysdi_adminbutton">mod_easysdi_adminbutton.php</filename>
    <filename>mod_easysdi_adminbutton.xml</filename>
    <filename>index.html</filename>
    <filename>helper.php</filename>
    <folder>tmpl</folder>
    <folder>assets</folder>
  </files>
  <languages>
    <language tag="en-GB">language/en-GB/en-GB.mod_easysdi_adminbutton.sys.ini</language>
    <language tag="en-GB">language/en-GB/en-GB.mod_easysdi_adminbutton.ini</language>
    <language tag="fr-FR">language/fr-FR/fr-FR.mod_easysdi_adminbutton.sys.ini</language>
    <language tag="fr-FR">language/fr-FR/fr-FR.mod_easysdi_adminbutton.ini</language>
    <language tag="de-DE">language/de-DE/de-DE.mod_easysdi_adminbutton.sys.ini</language>
    <language tag="de-DE">language/de-DE/de-DE.mod_easysdi_adminbutton.ini</language>
  </languages>
</extension>
