<?xml version="1.0" encoding="UTF-8"?>
<extension method="upgrade" type="component" version="3.0.0">
  <name>com_easysdi_core</name>
  <creationDate>09 January 2018</creationDate>
  <copyright>Copyright (C) 2012. All rights reserved.</copyright>
  <license>GNU General Public License version 3 or later; see LICENSE.txt</license>
  <author>EasySDI Community</author>
  <authorEmail>contact@easysdi.org</authorEmail>
  <authorUrl>http://www.easysdi.org</authorUrl>
  <version>4.4.5</version>
  <description />
  <scriptfile>script.php</scriptfile>
  <install>
    <sql>
      <file charset="utf8" driver="mysql">sql/install/mysql/install.sql</file>
      <file charset="utf8" driver="mysql">sql/install/mysql/insert.sql</file>
      <file charset="utf8" driver="mysql">sql/install/mysql/alter.sql</file>
      <file charset="utf8" driver="sqlsrv">sql/install/sqlsrv/install.sql</file>
      <file charset="utf8" driver="sqlsrv">sql/install/sqlsrv/insert.sql</file>
      <file charset="utf8" driver="sqlsrv">sql/install/sqlsrv/alter.sql</file>
    </sql>
  </install>
  <uninstall>
    <sql>
      <file charset="utf8" driver="mysql">sql/install/mysql/uninstall.sql</file>
      <file charset="utf8" driver="sqlsrv">sql/install/sqlsrv/uninstall.sql</file>
    </sql>
  </uninstall>
  <update>
    <schemas>
      <schemapath type="mysql">sql/updates/mysql</schemapath>
      <schemapath type="sqlsrv">sql/updates/sqlsrv</schemapath>
    </schemas>
  </update>
  <files folder="site">
    <filename>index.html</filename>
    <filename>easysdi_core.php</filename>
    <filename>controller.php</filename>
    <filename>router.php</filename>
    <folder>views</folder>
    <folder>models</folder>
    <folder>controllers</folder>
    <folder>helpers</folder>
    <folder>assets</folder>
    <folder>libraries</folder>
  </files>
  <languages folder="site">
    <language tag="en-GB">language/en-GB/en-GB.com_easysdi_core.ini</language>
    <language tag="fr-FR">language/fr-FR/fr-FR.com_easysdi_core.ini</language>
    <language tag="de-DE">language/de-DE/de-DE.com_easysdi_core.ini</language>
  </languages>
  <administration>
    <menu img="components/com_easysdi_core/assets/images/s_com_easysdi_core.ico">COM_EASYSDI_SOLUTION</menu>
    <submenu>
      <menu alt="EasySDI/Home" img="class:sdi-menu-home" link="option=com_easysdi_core">COM_EASYSDI_SOLUTION_HOME</menu>
      <menu alt="EasySDI/Contact" img="class:sdi-menu-contact" link="option=com_easysdi_contact">COM_EASYSDI_SOLUTION_CONTACT</menu>
      <menu alt="EasySDI/Catalog" img="class:sdi-menu-catalog" link="option=com_easysdi_catalog">COM_EASYSDI_SOLUTION_CATALOG</menu>
      <menu alt="EasySDI/Shop" img="class:sdi-menu-shop" link="option=com_easysdi_shop">COM_EASYSDI_SOLUTION_SHOP</menu>
      <menu alt="EasySDI/Processing" img="class:sdi-menu-processing" link="option=com_easysdi_processing">COM_EASYSDI_SOLUTION_PROCESSING</menu>
      <menu alt="EasySDI/Service" img="class:sdi-menu-service" link="option=com_easysdi_service">COM_EASYSDI_SOLUTION_SERVICE</menu>
      <menu alt="EasySDI/Map" img="class:sdi-menu-map" link="option=com_easysdi_map">COM_EASYSDI_SOLUTION_MAP</menu>
      <menu alt="EasySDI/Monitor" img="class:sdi-menu-monitor" link="option=com_easysdi_monitor">COM_EASYSDI_SOLUTION_MONITOR</menu>
      <menu alt="EasySDI/Dashboard" img="class:sdi-menu-dashboard" link="option=com_easysdi_dashboard">COM_EASYSDI_SOLUTION_DASHBOARD</menu>
    </submenu>
    <files folder="administrator">
      <filename>access.xml</filename>
      <filename>config.xml</filename>
      <filename>controller.php</filename>
      <filename>index.html</filename>
      <filename>easysdi_core.php</filename>
      <folder>controllers</folder>
      <folder>assets</folder>
      <folder>helpers</folder>
      <folder>libraries</folder>
      <folder>models</folder>
      <folder>sql</folder>
      <folder>tables</folder>
      <folder>views</folder>
    </files>
    <languages folder="administrator">
      <language tag="en-GB">language/en-GB/en-GB.com_easysdi_core.ini</language>
      <language tag="en-GB">language/en-GB/en-GB.com_easysdi_core.sys.ini</language>
      <language tag="fr-FR">language/fr-FR/fr-FR.com_easysdi_core.ini</language>
      <language tag="fr-FR">language/fr-FR/fr-FR.com_easysdi_core.sys.ini</language>
      <language tag="de-DE">language/de-DE/de-DE.com_easysdi_core.ini</language>
      <language tag="de-DE">language/de-DE/de-DE.com_easysdi_core.sys.ini</language>
    </languages>
  </administration>
</extension>
