<?xml version="1.0" encoding="UTF-8"?>
<extension group="content" method="upgrade" type="plugin" version="3.0">
  <name>plg_easysdi_service</name>
  <author>EasySDI Community</author>
  <creationDate>09 January 2018</creationDate>
  <copyright>Copyright (C) 2012. All rights reserved.</copyright>
  <license>GNU General Public License version 3 or later; see LICENSE.txt</license>
  <author>EasySDI Community</author>
  <authorEmail>contact@easysdi.org</authorEmail>
  <authorUrl>http://www.easysdi.org</authorUrl>
  <version>4.4.5</version>
  <description>PLG_CONTENT_EASYSDI_XML_DESCRIPTION</description>
  <scriptfile>script.php</scriptfile>
  <files>
    <filename plugin="easysdiservice">easysdiservice.php</filename>
    <filename plugin="easysdiservice">script.php</filename>
  </files>
  <languages>
    <language tag="en-GB">language/en-GB/en-GB.plg_content_easysdiservice.sys.ini</language>
    <language tag="en-GB">language/en-GB/en-GB.plg_content_easysdiservice.ini</language>
    <language tag="fr-FR">language/fr-FR/fr-FR.plg_content_easysdiservice.sys.ini</language>
    <language tag="fr-FR">language/fr-FR/fr-FR.plg_content_easysdiservice.ini</language>
    <language tag="de-DE">language/de-DE/de-DE.plg_content_easysdiservice.sys.ini</language>
    <language tag="de-DE">language/de-DE/de-DE.plg_content_easysdiservice.ini</language>
  </languages>
  <config>
    <fields name="params">
      <fieldset name="basic">
        <field default="both" description="PLG_CONTENT_EASYSDI_DISPLAY_MESSAGE_DESC" label="PLG_CONTENT_EASYSDI_DISPLAY_MESSAGE" name="displaymessageinapplication" type="list">
          <option value="both">PLG_CONTENT_EASYSDI_DISPLAY_MESSAGE_BOTH</option>
          <option value="fe">PLG_CONTENT_EASYSDI_DISPLAY_MESSAGE_FE</option>
          <option value="be">PLG_CONTENT_EASYSDI_DISPLAY_MESSAGE_BE</option>
          <option value="none">PLG_CONTENT_EASYSDI_DISPLAY_MESSAGE_NONE</option>
        </field>
      </fieldset>
    </fields>
  </config>
</extension>
