<?xml version="1.0" encoding="UTF-8"?>
<extension method="upgrade" type="component" version="3.0.0">
  <name>com_easysdi_contact</name>
  <creationDate>09 January 2018</creationDate>
  <copyright>Copyright (C) 2012. All rights reserved.</copyright>
  <license>GNU General Public License version 3 or later; see LICENSE.txt</license>
  <author>EasySDI Community</author>
  <authorEmail>contact@easysdi.org</authorEmail>
  <authorUrl>http://www.easysdi.org</authorUrl>
  <version>4.4.5</version>
  <description />
  <scriptfile>script.php</scriptfile>
  <install>
    <sql>
      <file charset="utf8" driver="mysql">sql/install/mysql/install.sql</file>
      <file charset="utf8" driver="sqlsrv">sql/install/sqlsrv/install.sql</file>
    </sql>
  </install>
  <uninstall>
    <sql>
      <file charset="utf8" driver="mysql">sql/install/mysql/uninstall.sql</file>
      <file charset="utf8" driver="sqlsrv">sql/install/sqlsrv/uninstall.sql</file>
    </sql>
  </uninstall>
  <update>
    <schemas>
      <schemapath type="mysql">sql/updates/mysql</schemapath>
      <schemapath type="sqlsrv">sql/updates/sqlsrv</schemapath>
    </schemas>
  </update>
  <files folder="site">
    <filename>index.html</filename>
    <filename>easysdi_contact.php</filename>
    <filename>controller.php</filename>
    <filename>router.php</filename>
    <folder>views</folder>
    <folder>models</folder>
    <folder>controllers</folder>
    <folder>helpers</folder>
  </files>
  <languages folder="site">
    <language tag="en-GB">language/en-GB/en-GB.com_easysdi_contact.ini</language>
    <language tag="fr-FR">language/fr-FR/fr-FR.com_easysdi_contact.ini</language>
    <language tag="de-DE">language/de-DE/de-DE.com_easysdi_contact.ini</language>
  </languages>
  <administration>
    <files folder="administrator">
      <filename>access.xml</filename>
      <filename>config.xml</filename>
      <filename>controller.php</filename>
      <filename>index.html</filename>
      <filename>easysdi_contact.php</filename>
      <folder>controllers</folder>
      <folder>assets</folder>
      <folder>helpers</folder>
      <folder>models</folder>
      <folder>sql</folder>
      <folder>tables</folder>
      <folder>views</folder>
    </files>
    <languages folder="administrator">
      <language tag="en-GB">language/en-GB/en-GB.com_easysdi_contact.ini</language>
      <language tag="en-GB">language/en-GB/en-GB.com_easysdi_contact.sys.ini</language>
      <language tag="fr-FR">language/fr-FR/fr-FR.com_easysdi_contact.ini</language>
      <language tag="fr-FR">language/fr-FR/fr-FR.com_easysdi_contact.sys.ini</language>
      <language tag="de-DE">language/de-DE/de-DE.com_easysdi_contact.ini</language>
      <language tag="de-DE">language/de-DE/de-DE.com_easysdi_contact.sys.ini</language>
    </languages>
  </administration>
</extension>
